id,legacyKey,label,domain,semanticClass,default,legacySetter,compatibilityRisk,ngvgeOwner,disposition,migration,ingress,persistence,hiddenEffects,validationDebt
LRC1-POL-001,framerate,60 FPS / Custom FPS,simulation-scheduler,EXECUTION_SEMANTIC,30,vm.setFramerate(number),CRITICAL,ExecutionProfile.simulationTickRate,KEEP_SEMANTIC_REDESIGN,"30 => scratch-compatible. Other values => explicit legacy custom simulation-rate override with compatibility warning. 0 => quarantined legacy display-synced simulation mode, not a normal FPS choice.","[""Advanced Settings"",""FramerateChanger UI"",""Alt/right-click Green Flag"",""URL ?fps / legacy ?60fps"",""_twconfig_ project comment""]","{""twconfig"":true,""url"":true,""redux"":true}","[""changes Runtime._step cadence"",""changes currentStepTime used by sequencer and I/O timing"",""changes monitor/hat evaluation frequency"",""does not merely change presentation refresh""]","[""Advanced Settings accepts any finite number including 0 and negative values"",""02 fork removed upstream >250 FPS clamp"",""different UI ingress applies different validation""]"
LRC1-POL-002,opsPerFrame,2 OpsPerFrame / Custom OpsPerFrame,simulation-scheduler,EXECUTION_SEMANTIC,1,vm.setOpsPerFrame(number),CRITICAL,none-public / LegacyScratchSchedulerAdapter,DELETE_PUBLIC_POLICY,1 => drop. Non-1 => preserve only as quarantined legacy Scratch-backend compatibility override until corpus proves a safe migration; never expose as normal project setting.,"[""Advanced Settings"",""_twconfig_ project comment""]","{""twconfig"":true,""url"":false,""redux"":true}","[""multiple logical steps share one outer scheduler interval"",""0 executes zero logical steps"",""fractional values produce loop-count behavior rather than a meaningful fractional policy"",""no OPSSPERFRAME/OPSPERFRAME VM event is consumed by GUI state listener""]","[""custom value accepts 0"",""custom value accepts fractions"",""negative value is normalized by Runtime but raw negative is dispatched to Redux"",""no upper bound"",""project-load event can leave Redux/UI stale""]"
LRC1-POL-003,interpolation,Interpolation,presentation,PRESENTATION_POLICY,False,vm.setInterpolation(boolean),HIGH,PresentationProfile / per-domain Presenter capability,WRAP_LEGACY_COMPAT,Map to legacy Scratch transform presenter. Native NGVGE interpolation must be per semantic domain and advertise support; unsupported visual domains must fail/degrade explicitly.,"[""Advanced Settings"",""URL ?interpolate"",""_twconfig_ project comment""]","{""twconfig"":true,""url"":true,""redux"":true}","[""only x/y, rendered direction, scale and ghost are interpolated"",""costume changes disable scale/direction interpolation for that frame"",""Pen/stamp/custom renderer state is not resampled"",""implementation reads renderer private _allDrawables""]","[""no capability/compatibility analyzer"",""can be combined freely with custom simulation rates and Pen projects""]"
LRC1-POL-004,hq,High Quality Pen,presentation-renderer,MIXED_PRESENTATION_COMPATIBILITY,False,vm.renderer.setUseHighQualityRender(boolean),HIGH,PresentationProfile + ScratchCompatibilityProfile split,SPLIT_AND_REPLACE,Preserve legacy hq flag only inside Scratch adapter. Native model separates render resolution/quality from numeric coordinate semantics and Pen limits.,"[""Advanced Settings"",""URL ?hqpen"",""_twconfig_ project comment""]","{""twconfig"":true,""url"":true,""redux"":true}","[""not Pen-only"",""changes global drawable coordinate rounding"",""changes Pen size compatibility semantics"",""device/render-resolution sensitive""]","[""label hides global semantic effects"",""render quality and coordinate/limit semantics are fused""]"
LRC1-POL-005,runtimeOptions.offscreenDrawableCulling,Skip Offscreen Sprite Rendering,renderer-optimization,BACKEND_OPTIMIZATION_HINT,False,vm.setRuntimeOptions({offscreenDrawableCulling}),MEDIUM,RenderingBackend automatic optimization,BACKEND_AUTO,Ignore as native project semantic. Legacy import may treat it as a non-authoritative renderer hint; do not serialize into NGVGE project source.,"[""Advanced Settings"",""_twconfig_ project comment""]","{""twconfig"":true,""url"":false,""redux"":true}","[""02-specific fork addition"",""stored as project runtimeOptions despite being backend optimization"",""renderer owns conservative eligibility rules""]","[""project persistence incorrectly elevates a backend optimization into portable project semantics"",""not mirrored by URL state""]"
LRC1-POL-006,runtimeOptions.maxClones,Infinite Clones,resource-budget,RESOURCE_POLICY,300,vm.setRuntimeOptions({maxClones}),HIGH,RuntimeSafetyPolicy.cloneBudget / ResourceBudget,REPLACE_WITH_BUDGET,300 => Scratch-compatible budget. Infinity/non-default => explicit legacy clone-budget override with warning and host hard ceiling; native projects use finite/adaptive budgets.,"[""Advanced Settings"",""URL ?clones"",""_twconfig_ project comment""]","{""twconfig"":true,""url"":true,""redux"":true}","[""Infinity removes the only configured clone-count budget"",""resource consumption becomes device-dependent and potentially unbounded""]","[""boolean UI cannot express resource budget policy"",""Infinity is serialized through ExtendedJSON rather than portable JSON semantics""]"
LRC1-POL-007,runtimeOptions.fencing,Remove Fencing,scratch-compatibility,COMPATIBILITY_SEMANTIC,True,vm.setRuntimeOptions({fencing}),CRITICAL,ScratchCompatibilityProfile.fencing,KEEP_LEGACY_COMPAT_ONLY,Keep exact legacy value only in Scratch Compatibility Adapter. Native NGVGE Node/Scene geometry must not inherit Scratch fencing semantics.,"[""Advanced Settings"",""URL ?offscreen"",""_twconfig_ project comment""]","{""twconfig"":true,""url"":true,""redux"":true}","[""changes motion coordinates"",""changes sprite size admissible range"",""changes touching/collision behavior outside stage""]","[""presented as a generic limit toggle despite modifying three compatibility semantics""]"
LRC1-POL-008,runtimeOptions.miscLimits,Remove Miscellaneous Limits,mixed-compatibility,INVALID_AGGREGATE_POLICY,True,vm.setRuntimeOptions({miscLimits}),CRITICAL,ScratchCompatibilityProfile decomposed capabilities,DECOMPOSE,"Legacy false maps to a compatibility bundle preserving all historical effects. Native schema must split sound limits/yield, Pen limits, Music concurrency, input precision, etc.","[""Advanced Settings"",""URL ?limitless"",""_twconfig_ project comment""]","{""twconfig"":true,""url"":true,""redux"":true}","[""sound effect range clamps"",""sound effect/volume yield behavior"",""Pen size clamp"",""Music concurrency limit"",""mouse coordinate integer rounding vs three-decimal precision""]","[""one boolean crosses multiple semantic domains"",""cannot express compatibility independently per capability""]"
LRC1-POL-009,compilerOptions.warpTimer,Warp Timer,runtime-safety-compiler,SAFETY_BACKEND_POLICY,False,vm.setCompilerOptions({warpTimer}),HIGH,RuntimeSafetyPolicy.scriptWatchdog,REMOVE_FROM_NORMAL_UI,Do not import as project semantic. Use host/runtime safety defaults; expose only diagnostic override in Developer Tools if required.,"[""Advanced Settings"",""URL ?stuck / ?warp_timer"",""Blocks workspace mount""]","{""twconfig"":false,""url"":""player-only/partial"",""redux"":true}","[""compiler/backend-specific"",""not a stable user-owned project setting"",""editor lifecycle can overwrite user choice""]","[""multiple writers"",""UI suggests user preference although editor mounts can force-enable it""]"
LRC1-POL-010,compilerOptions.enabled,Disable Compiler,execution-backend,BACKEND_SELECTION,True,vm.setCompilerOptions({enabled}),MEDIUM,ExecutionBackendPolicy / Developer Tools,DEVELOPER_ONLY,Never serialize as native project semantics. Runtime chooses backend automatically; debugging override remains hidden/developer scoped.,"[""Advanced Settings"",""URL ?nocompile""]","{""twconfig"":false,""url"":true,""redux"":true}","[""implementation/backend choice rather than intended project semantics"",""cache reset side effect"",""compiled-project load explicitly disables compiler after installing compiled data""]","[""normal creator-facing UI exposes backend implementation switch""]"
LRC1-POL-011,"width,height",Custom Stage Size,project-scene-geometry,PROJECT_SCHEMA,"{""width"":480,""height"":360}","vm.setStageSize(width,height)",CRITICAL,Project/Scene Viewport Schema,PROMOTE_TO_PROJECT_SCHEMA,Map legacy width/height to versioned project/scene viewport fields. Scratch adapter consumes them; remove from Advanced Runtime settings.,"[""Advanced Settings"",""URL ?size via reducer initialization"",""_twconfig_ project comment"",""collaboration sync""]","{""twconfig"":true,""url"":true,""redux"":true}","[""not a runtime tuning knob"",""affects coordinate space and project geometry"",""collaboration has another direct stage-size writer""]","[""settings input max=1024"",""URL parser allows up to 4096"",""Runtime itself has no upper bound beyond positive rounding"",""multiple ingress use inconsistent validation""]"
LRC1-POL-012,turbo,Turbo Mode (latent persisted option),simulation-scheduler,EXECUTION_MODE,False,vm.setTurboMode(boolean),HIGH,ScratchCompatibility Execution Mode,KEEP_LEGACY_COMPAT_ONLY,Preserve only for Scratch compatibility projects that explicitly depend on TurboWarp behavior; do not generalize into NGVGE native scheduler semantics.,"[""Shift+Green Flag"",""URL ?turbo"",""_twconfig_ project comment""]","{""twconfig"":true,""url"":true,""redux"":true}","[""not shown in this modal but Store Project Options persists it"",""changes scheduler/yield behavior rather than just visual speed""]","[""hidden member of the same project-options bundle""]"
LRC1-PERSIST-001,_twconfig_ Scratch comment,Store settings in project,persistence,LEGACY_PERSISTENCE_ADAPTER,,vm.storeProjectOptions(),CRITICAL,LegacyScratchProjectOptionsAdapter only,LEGACY_IMPORT_EXPORT_ONLY,"Parse on import, normalize each field into its owning NGVGE domain, preserve compatibility export only when targeting legacy Scratch/TurboWarp format. Never use _twconfig_ as NGVGE project authority.","[""Advanced Settings button"",""project load parseProjectOptions""]","{""twconfig"":""mechanism"",""url"":false,""redux"":false}","[""mixes execution, presentation, resource, compatibility and project geometry in one unversioned payload"",""uses user-visible Scratch comment as configuration transport"",""brands payload as TurboWarp configuration"",""02 fork adds opsPerFrame/offscreen culling beyond current upstream bundle""]","[""no NGVGE schema/version/authority metadata"",""no conflict-resolution contract against URL/session writers""]"
